livre_id;livre_cat_id
1;1
2;2
3;1
4;1
5;1
6;3
7;1
8;1
9;1
10;4
11;1
12;1
13;1
14;5
15;6
16;1
17;4
18;7
19;8
20;3
21;9
22;1
23;1
24;5
25;10
26;1
27;1
28;1
29;11
30;11
31;12
32;1
33;12
34;1
35;1
36;13
37;1
38;4
39;5
40;4
41;5
42;4
43;10
44;1
45;12
46;14
47;1
48;12
49;5
50;15
51;4
52;7
53;1
54;4
55;3
56;16
57;1
58;5
59;7
60;17
61;1
62;18
63;1
64;1
65;5
66;1
67;6
68;1
69;3
70;18
71;3
72;12
73;6
74;4
75;12
76;19
77;20
78;4
79;1
80;4
81;9
82;1
83;2
84;8
85;12
86;12
87;12
88;10
89;1
90;12
91;7
92;9
93;1
94;12
95;12
96;1
97;1
98;8
99;12
100;2
101;3
102;1
103;1
104;12
105;1
106;1
107;15
108;21
109;3
110;3
111;7
112;7
113;7
114;1
115;8
116;2
117;1
118;10
119;22
120;12
121;23
122;1
123;12
124;22
125;7
126;1
127;3
128;1
129;1
130;2
131;1
132;24
133;7
134;1
135;2
136;2
137;1
138;1
139;9
140;25
141;25
142;18
143;1
144;7
145;26
146;4
147;1
148;3
149;1
150;1
151;26
152;1
153;26
154;4
155;1
156;8
157;9
158;3
159;9
160;1
161;1
162;7
163;2
164;9
165;25
166;1
167;1
168;25
169;9
170;1
171;8
172;1
173;7
174;1
175;12
176;4
177;4
178;8
179;12
180;11
181;4
182;4
183;7
184;27
185;1
186;1
187;3
188;7
189;4
190;12
191;4
192;4
193;4
194;12
195;23
196;4
197;7
198;1
199;2
200;1
201;28
202;23
203;29
204;1
205;30
206;28
207;28
208;23
209;23
210;28
211;30
212;4
213;28
214;23
215;29
216;1
217;10
218;30
219;23
220;30
221;23
222;23
223;28
224;13
225;30
226;1
227;9
228;4
229;4
230;13
231;4
232;23
233;10
234;23
235;31
236;10
237;1
238;10
239;1
240;1
241;10
242;32
243;1
244;1
245;1
246;10
247;23
248;2
249;1
250;7
251;23
252;4
253;10
254;1
255;10
256;30
257;1
258;10
259;13
260;10
261;10
262;1
263;28
264;10
265;5
266;1
267;1
268;4
269;1
270;1
271;25
272;1
273;1
274;1
275;1
276;10
277;21
278;1
279;1
280;10
281;1
282;14
283;8
284;1
285;33
286;4
287;1
288;1
289;10
290;1
291;4
292;10
293;1
294;30
295;28
296;10
297;4
298;3
299;3
300;3
301;3
302;1
303;1
304;34
305;12
306;12
307;12
308;1
309;1
310;1
311;3
312;1
313;1
314;1
315;14
316;3
317;10
318;1
319;1
320;35
321;1
322;10
323;3
324;36
325;26
326;1
327;1
328;10
329;37
330;26
331;1
332;1
333;1
334;1
335;1
336;3
337;3
338;10
339;29
340;1
341;13
342;29
343;1
344;13
345;3
346;1
347;3
348;5
349;1
350;4
351;3
352;1
353;37
354;1
355;1
356;12
357;1
358;1
359;1
360;3
361;7
362;1
363;1
364;23
365;35
366;3
367;1
368;23
369;1
370;11
371;7
372;15
373;3
374;1
375;1
376;1
377;38
378;12
379;3
380;1
381;39
382;18
383;1
384;3
385;4
386;5
387;25
388;12
389;1
390;26
391;1
392;20
393;17
394;5
395;3
396;8
397;3
398;3
399;11
400;12
401;22
402;3
403;3
404;3
405;12
406;11
407;1
408;1
409;1
410;22
411;1
412;2
413;1
414;1
415;7
416;38
417;1
418;4
419;1
420;10
421;8
422;26
423;12
424;39
425;1
426;10
427;8
428;3
429;1
430;1
431;40
432;1
433;7
434;1
435;27
436;3
437;1
438;3
439;1
440;1
441;1
442;1
443;25
444;1
445;3
446;1
447;23
448;23
449;29
450;1
451;36
452;12
453;1
454;1
455;10
456;23
457;3
458;12
459;1
460;1
461;3
462;12
463;41
464;1
465;3
466;1
467;3
468;12
469;1
470;1
471;15
472;15
473;1
474;33
475;1
476;29
477;7
478;3
479;4
480;13
481;1
482;1
483;25
484;1
485;1
486;8
487;3
488;1
489;2
490;3
491;10
492;1
493;7
494;3
495;12
496;10
497;26
498;42
499;4
500;11
501;39
502;17
503;43
504;17
505;44
506;11
507;17
508;6
509;2
510;4
511;4
512;26
513;11
514;2
515;45
516;4
517;14
518;2
519;17
520;17
521;4
522;23
523;4
524;4
525;4
526;32
527;4
528;4
529;11
530;4
531;39
532;23
533;17
534;14
535;29
536;4
537;17
538;23
539;13
540;14
541;30
542;14
543;4
544;29
545;29
546;14
547;11
548;4
549;14
550;17
551;17
552;1
553;46
554;4
555;4
556;4
557;6
558;10
559;36
560;17
561;17
562;36
563;14
564;6
565;6
566;2
567;14
568;14
569;14
570;4
571;39
572;17
573;4
574;4
575;4
576;47
577;17
578;16
579;17
580;39
581;13
582;4
583;11
584;4
585;39
586;14
587;18
588;10
589;23
590;39
591;17
592;14
593;4
594;17
595;23
596;10
597;17
598;17
599;17
600;17
601;39
602;39
603;10
604;17
605;13
606;4
607;17
608;23
609;17
610;17
611;48
612;10
613;20
614;23
615;23
616;4
617;23
618;2
619;4
620;4
621;29
622;4
623;17
624;25
625;39
626;2
627;17
628;17
629;32
630;10
631;17
632;17
633;4
634;32
635;11
636;4
637;7
638;29
639;4
640;23
641;4
642;4
643;36
644;4
645;18
646;10
647;23
648;12
649;17
650;2
651;10
652;32
653;11
654;4
655;17
656;13
657;13
658;11
659;39
660;17
661;4
662;11
663;36
664;4
665;4
666;11
667;11
668;11
669;4
670;10
671;32
672;23
673;49
674;4
675;4
676;20
677;11
678;17
679;39
680;2
681;10
682;17
683;14
684;17
685;4
686;4
687;49
688;18
689;17
690;11
691;48
692;4
693;23
694;17
695;20
696;29
697;33
698;17
699;23
700;23
701;50
702;2
703;10
704;1
705;1
706;6
707;1
708;1
709;1
710;7
711;1
712;1
713;23
714;10
715;7
716;23
717;2
718;23
719;4
720;14
721;10
722;18
723;21
724;4
725;4
726;4
727;7
728;8
729;4
730;23
731;6
732;14
733;23
734;39
735;17
736;18
737;7
738;1
739;16
740;48
741;23
742;40
743;9
744;4
745;22
746;49
747;25
748;13
749;4
750;4
751;4
752;23
753;17
754;1
755;10
756;1
757;22
758;10
759;7
760;10
761;23
762;4
763;23
764;4
765;4
766;14
767;14
768;49
769;14
770;17
771;2
772;4
773;23
774;5
775;4
776;14
777;17
778;4
779;1
780;10
781;10
782;23
783;32
784;14
785;8
786;7
787;4
788;1
789;4
790;10
791;51
792;21
793;8
794;4
795;10
796;10
797;4
798;10
799;17
800;4
801;10
802;4
803;49
804;4
805;21
806;10
807;8
808;4
809;49
810;16
811;7
812;10
813;4
814;10
815;10
816;10
817;18
818;4
819;4
820;4
821;23
822;10
823;10
824;10
825;18
826;4
827;4
828;1
829;23
830;10
831;4
832;4
833;33
834;13
835;4
836;4
837;4
838;4
839;8
840;26
841;14
842;21
843;4
844;5
845;4
846;9
847;18
848;10
849;30
850;30
851;10
852;10
853;4
854;4
855;4
856;6
857;21
858;2
859;21
860;10
861;10
862;4
863;1
864;1
865;23
866;4
867;12
868;14
869;4
870;20
871;9
872;13
873;4
874;13
875;21
876;4
877;17
878;10
879;1
880;4
881;1
882;4
883;10
884;17
885;11
886;14
887;4
888;7
889;7
890;3
891;7
892;22
893;4
894;7
895;7
896;10
897;7
898;8
899;7
900;37
901;7
902;13
903;7
904;7
905;7
906;1
907;27
908;5
909;1
910;7
911;9
912;10
913;10
914;7
915;10
916;27
917;4
918;9
919;1
920;12
921;1
922;1
923;7
924;1
925;1
926;12
927;3
928;12
929;10
930;1
931;7
932;7
933;10
934;12
935;1
936;9
937;3
938;12
939;7
940;1
941;13
942;35
943;12
944;10
945;7
946;1
947;1
948;10
949;12
950;7
951;14
952;12
953;7
954;12
955;10
956;1
957;3
958;1
959;3
960;14
961;10
962;12
963;1
964;1
965;10
966;10
967;3
968;1
969;4
970;3
971;3
972;4
973;51
974;1
975;11
976;14
977;7
978;1
979;3
980;1
981;25
982;1
983;1
984;4
985;1
986;10
987;1
988;46
989;39
990;27
991;1
992;1
993;18
994;3
995;12
996;12
997;3
